BEGIN TRANSACTION;
CREATE TABLE IF NOT EXISTS "CONNECTION" (
	"ID"	INTEGER NOT NULL UNIQUE,
	"STATION_ONE"	INTEGER NOT NULL,
	"STATION_TWO"	INTEGER NOT NULL,
	PRIMARY KEY("ID" AUTOINCREMENT),
	FOREIGN KEY("STATION_ONE") REFERENCES "STATION"("ID") ON DELETE CASCADE ON UPDATE CASCADE,
	FOREIGN KEY("STATION_TWO") REFERENCES "STATION"("ID") ON DELETE CASCADE ON UPDATE CASCADE
);
CREATE TABLE IF NOT EXISTS "LINE" (
	"ID"	INTEGER NOT NULL UNIQUE,
	"NAME"	TEXT,
	PRIMARY KEY("ID" AUTOINCREMENT)
);
CREATE TABLE IF NOT EXISTS "REGION" (
	"ID"	INTEGER NOT NULL UNIQUE,
	"NAME"	TEXT NOT NULL,
	PRIMARY KEY("ID" AUTOINCREMENT)
);
CREATE TABLE IF NOT EXISTS "STATION" (
	"ID"	INTEGER NOT NULL UNIQUE,
	"NAME"	TEXT NOT NULL UNIQUE,
	"ANNUAL_FLOW"	INTEGER NOT NULL,
	"USE"	TEXT NOT NULL,
	PRIMARY KEY("ID" AUTOINCREMENT)
);
CREATE TABLE IF NOT EXISTS "STATION_LINE" (
	"ID"	INTEGER NOT NULL UNIQUE,
	"STATION_ID"	INTEGER NOT NULL,
	"LINE_ID"	INTEGER NOT NULL,
	PRIMARY KEY("ID" AUTOINCREMENT),
	FOREIGN KEY("STATION_ID") REFERENCES "STATION"("ID") ON DELETE CASCADE ON UPDATE CASCADE,
	FOREIGN KEY("LINE_ID") REFERENCES "LINE"("ID") ON DELETE CASCADE ON UPDATE CASCADE
);
CREATE TABLE IF NOT EXISTS "STATION_REGION" (
	"ID"	INTEGER NOT NULL UNIQUE,
	"STATION_ID"	INTEGER NOT NULL,
	"REGION_ID"	INTEGER NOT NULL,
	PRIMARY KEY("ID" AUTOINCREMENT),
	FOREIGN KEY("REGION_ID") REFERENCES "REGION"("ID") ON DELETE CASCADE ON UPDATE CASCADE,
	FOREIGN KEY("STATION_ID") REFERENCES "STATION"("ID") ON DELETE CASCADE ON UPDATE CASCADE
);
INSERT INTO "CONNECTION" ("ID","STATION_ONE","STATION_TWO") VALUES (184,1,2),
 (185,2,3),
 (186,3,4),
 (187,4,5),
 (188,5,6),
 (189,6,7),
 (190,7,8),
 (191,8,9),
 (192,9,10),
 (193,10,11),
 (194,11,12),
 (195,12,13),
 (196,13,14),
 (197,14,15),
 (198,15,16),
 (199,16,17),
 (200,17,18),
 (201,18,19),
 (202,19,20),
 (203,2,1),
 (204,3,2),
 (205,4,3),
 (206,5,4),
 (207,6,5),
 (208,7,6),
 (209,8,7),
 (210,9,8),
 (211,10,9),
 (212,11,10),
 (213,12,11),
 (214,13,12),
 (215,14,13),
 (216,15,14),
 (217,16,15),
 (218,17,16),
 (219,18,17),
 (220,19,18),
 (221,20,19),
 (222,21,22),
 (223,22,23),
 (224,23,24),
 (225,24,25),
 (226,25,26),
 (227,26,27),
 (228,27,28),
 (229,28,29),
 (230,29,30),
 (231,30,31),
 (232,31,32),
 (233,32,33),
 (234,33,34),
 (235,34,35),
 (236,35,36),
 (237,36,37),
 (238,37,38),
 (239,38,39),
 (240,39,40),
 (241,40,41),
 (242,41,42),
 (243,42,43),
 (244,22,21),
 (245,23,22),
 (246,24,23),
 (247,25,24),
 (248,26,25),
 (249,27,26),
 (250,28,27),
 (251,29,28),
 (252,30,29),
 (253,31,30),
 (254,32,31),
 (255,33,32),
 (256,34,33),
 (257,35,34),
 (258,36,35),
 (259,37,36),
 (260,38,37),
 (261,39,38),
 (262,40,39),
 (263,41,40),
 (264,42,41),
 (265,43,42),
 (266,44,45),
 (267,45,46),
 (268,46,47),
 (269,47,48),
 (270,48,49),
 (271,49,50),
 (272,50,51),
 (273,51,52),
 (274,52,53),
 (275,53,54),
 (276,54,55),
 (277,55,56),
 (278,56,57),
 (279,57,58),
 (280,58,59),
 (281,59,60),
 (282,60,61),
 (283,61,62),
 (284,45,44),
 (285,46,45),
 (286,47,46),
 (287,48,47),
 (288,49,48),
 (289,50,49),
 (290,51,50),
 (291,52,51),
 (292,53,52),
 (293,54,53),
 (294,55,54),
 (295,56,55),
 (296,57,56),
 (297,58,57),
 (298,59,58),
 (299,60,59),
 (300,61,60),
 (301,62,61),
 (302,63,64),
 (303,64,65),
 (304,65,8),
 (305,8,66),
 (306,66,67),
 (307,67,68),
 (308,68,69),
 (309,69,70),
 (310,70,71),
 (311,64,63),
 (312,65,64),
 (313,8,65),
 (314,66,8),
 (315,67,66),
 (316,68,67),
 (317,69,68),
 (318,70,69),
 (319,71,70),
 (320,72,73),
 (321,73,74),
 (322,74,47),
 (323,47,75),
 (324,75,76),
 (325,76,68),
 (326,68,77),
 (327,77,78),
 (328,78,79),
 (329,79,80),
 (330,80,81),
 (331,81,1),
 (332,73,72),
 (333,74,73),
 (334,47,74),
 (335,75,47),
 (336,76,75),
 (337,68,76),
 (338,77,68),
 (339,78,77),
 (340,79,78),
 (341,80,79),
 (342,81,80),
 (343,1,81),
 (344,82,83),
 (345,83,84),
 (346,84,85),
 (347,85,86),
 (348,86,87),
 (349,87,73),
 (350,73,88),
 (351,88,45),
 (352,45,89),
 (353,89,71),
 (354,83,82),
 (355,84,83),
 (356,85,84),
 (357,86,85),
 (358,87,86),
 (359,73,87),
 (360,88,73),
 (361,45,88),
 (362,89,45),
 (363,71,89),
 (364,82,90),
 (365,90,91),
 (366,91,92),
 (367,92,23),
 (368,23,93),
 (369,93,94),
 (370,94,95),
 (371,95,96),
 (372,96,19),
 (373,19,97),
 (374,97,98),
 (375,98,99),
 (376,99,100),
 (377,90,82),
 (378,91,90),
 (379,92,91),
 (380,23,92),
 (381,93,23),
 (382,94,93),
 (383,95,94),
 (384,96,95),
 (385,19,96),
 (386,97,19),
 (387,98,97),
 (388,99,98),
 (389,100,99),
 (390,101,31),
 (391,31,102),
 (392,102,12),
 (393,12,103),
 (394,103,104),
 (395,104,35),
 (396,35,105),
 (397,105,63),
 (398,63,106),
 (399,106,107),
 (400,107,108),
 (401,108,109),
 (402,109,110),
 (403,110,111),
 (404,111,112),
 (405,112,113),
 (406,113,114),
 (407,114,115),
 (408,31,101),
 (409,102,31),
 (410,12,102),
 (411,103,12),
 (412,104,103),
 (413,35,104),
 (414,105,35),
 (415,63,105),
 (416,106,63),
 (417,107,106),
 (418,108,107),
 (419,109,108),
 (420,110,109),
 (421,111,110),
 (422,112,111),
 (423,113,112),
 (424,114,113),
 (425,115,114),
 (426,1,116),
 (427,116,117),
 (428,117,118),
 (429,118,119),
 (430,119,64),
 (431,64,35),
 (432,35,120),
 (433,120,53),
 (434,53,121),
 (435,121,122),
 (436,122,19),
 (437,1,123),
 (438,123,124),
 (439,124,125),
 (440,125,126),
 (441,126,127),
 (442,127,128),
 (443,128,129),
 (444,129,130),
 (445,130,131),
 (446,123,1),
 (447,124,123),
 (448,125,124),
 (449,126,125),
 (450,127,126),
 (451,128,127),
 (452,129,128),
 (453,130,129),
 (454,131,130),
 (455,132,49),
 (456,49,101),
 (457,101,133),
 (458,133,134),
 (459,134,66),
 (460,66,7),
 (461,7,135),
 (462,135,136),
 (463,136,79),
 (464,79,137),
 (465,137,138),
 (466,138,139),
 (467,139,140),
 (468,140,141),
 (469,141,142),
 (470,142,143),
 (471,143,144),
 (472,144,145),
 (473,145,146),
 (474,146,147),
 (475,49,132),
 (476,101,49),
 (477,133,101),
 (478,134,133),
 (479,66,134),
 (480,7,66),
 (481,135,7),
 (482,136,135),
 (483,79,136),
 (484,137,79),
 (485,138,137),
 (486,139,138),
 (487,140,139),
 (488,141,140),
 (489,142,141),
 (490,143,142),
 (491,144,143),
 (492,145,144),
 (493,146,145),
 (494,147,146),
 (495,148,149),
 (496,149,150),
 (497,150,151),
 (498,151,152),
 (499,152,153),
 (500,153,154),
 (501,154,155),
 (502,155,156),
 (503,156,157),
 (504,157,158),
 (505,158,111),
 (506,111,159),
 (507,159,41),
 (508,41,159),
 (509,159,160),
 (510,160,161),
 (511,161,57),
 (512,57,162),
 (513,162,163),
 (514,163,99),
 (515,149,148),
 (516,150,149),
 (517,151,150),
 (518,152,151),
 (519,153,152),
 (520,154,153),
 (521,155,154),
 (522,156,155),
 (523,157,156),
 (524,158,157),
 (525,111,158),
 (526,159,111),
 (527,41,159),
 (528,159,41),
 (529,160,159),
 (530,161,160),
 (531,57,161),
 (532,162,57),
 (533,163,162),
 (534,99,163),
 (535,116,1),
 (536,117,116),
 (537,118,117),
 (538,119,118),
 (539,64,119),
 (540,35,64),
 (541,120,35),
 (542,53,120),
 (543,121,53),
 (544,122,121),
 (545,19,122);
INSERT INTO "LINE" ("ID","NAME") VALUES (1,'LINEA 1'),
 (2,'LINEA 2'),
 (3,'LINEA 3'),
 (4,'LINEA 4'),
 (5,'LINEA 5'),
 (6,'LINEA 6'),
 (7,'LINEA 7'),
 (8,'LINEA 8'),
 (9,'LINEA 9'),
 (10,'LINEA A'),
 (11,'LINEA B'),
 (12,'LINEA 12');
INSERT INTO "REGION" ("ID","NAME") VALUES (1,'Azcapotzalco'),
 (2,'Coyoacán'),
 (3,'Cuajimalpa de Morelos'),
 (4,'Gustavo A. Madero'),
 (5,'Iztacalco'),
 (6,'Iztapalapa'),
 (7,'La Magdalena Contreras'),
 (8,'Milpa Alta'),
 (9,'Álvaro Obregón'),
 (10,'Tláhuac'),
 (11,'Tlalpan'),
 (12,'Xochimilco'),
 (13,'Benito Juárez'),
 (14,'Cuauhtémoc'),
 (15,'Miguel Hidalgo'),
 (16,'Venustiano Carranza'),
 (17,'Naucalpan de Juárez'),
 (18,'Los Reyes la Paz'),
 (19,'Ecatepec');
INSERT INTO "STATION" ("ID","NAME","ANNUAL_FLOW","USE") VALUES (1,'Pantitlán',132845471,'DE CORRESPONDENCIA'),
 (2,'Zaragoza',16963497,'DE PASO'),
 (3,'Gómez Farías',10360851,'DE PASO'),
 (4,'Blvd. Puerto Aéreo',8429972,'DE PASO'),
 (5,'Balbuena',4902639,'DE PASO'),
 (6,'Moctezuma',8050035,'DE PASO'),
 (7,'San Lázaro',16448420,'DE CORRESPONDENCIA'),
 (8,'Candelaria',11507708,'DE CORRESPONDENCIA'),
 (9,'Merced',18129244,'DE PASO'),
 (10,'Pino Suárez',20996755,'DE CORRESPONDENCIA'),
 (11,'Isabel la Católica',8262282,'DE PASO'),
 (12,'Salto del Agua',12936780,'DE CORRESPONDENCIA'),
 (13,'Balderas',10665701,'DE CORRESPONDENCIA'),
 (14,'Cuauhtémoc',8311511,'DE PASO'),
 (15,'Insurgentes',20753676,'DE PASO'),
 (16,'Sevilla',11123527,'DE PASO'),
 (17,'Chapultepec',19388677,'DE PASO'),
 (18,'Juanacatlán',4259229,'DE PASO'),
 (19,'Tacubaya',31055852,'DE CORRESPONDENCIA'),
 (20,'Observatorio',26388110,'DE PASO'),
 (21,'Cuatro Caminos',39378128,'DE PASO'),
 (22,'Panteones',4929735,'DE PASO'),
 (23,'Tacuba',15254803,'DE CORRESPONDENCIA'),
 (24,'Cuitláhuac',6794715,'DE PASO'),
 (25,'Popotla',3650212,'DE PASO'),
 (26,'Colegio Militar',5575408,'DE PASO'),
 (27,'Normal',12870083,'DE PASO'),
 (28,'San Cosme',8355454,'DE PASO'),
 (29,'Revolución',10775619,'DE PASO'),
 (30,'Hidalgo',16346480,'DE CORRESPONDENCIA'),
 (31,'Bellas Artes',18775520,'DE CORRESPONDENCIA'),
 (32,'Allende',10538474,'DE PASO'),
 (33,'Zócalo',26138960,'DE PASO'),
 (34,'San Antonio Abad',7897611,'DE PASO'),
 (35,'Chabacano',15920404,'DE CORRESPONDENCIA'),
 (36,'Viaducto',7543940,'DE PASO'),
 (37,'Xola',8146220,'DE PASO'),
 (38,'Villa de Cortés',6341507,'DE PASO'),
 (39,'Nativitas',7163027,'DE PASO'),
 (40,'Portales',8201726,'DE PASO'),
 (41,'Ermita',9866782,'DE CORRESPONDENCIA'),
 (42,'General Anaya',8881306,'DE PASO'),
 (43,'Tasqueña',26905368,'DE PASO'),
 (44,'Indios Verdes',39192273,'DE PASO'),
 (45,'Deptvo. 18 de Marzo',13041280,'DE CORRESPONDENCIA'),
 (46,'Potrero',6317545,'DE PASO'),
 (47,'La Raza',14942281,'DE CORRESPONDENCIA'),
 (48,'Tlatelolco',7562593,'DE PASO'),
 (49,'Guerrero',5984791,'DE CORRESPONDENCIA'),
 (50,'Juárez',6320737,'DE PASO'),
 (51,'Niños Héroes',7865930,'DE PASO'),
 (52,'Hospital General',7478953,'DE PASO'),
 (53,'Centro Médico',12539287,'DE CORRESPONDENCIA'),
 (54,'Etiopía',10885701,'DE PASO'),
 (55,'Eugenia',6700579,'DE PASO'),
 (56,'División del Norte',6552063,'DE PASO'),
 (57,'Zapata',14215057,'DE CORRESPONDENCIA'),
 (58,'Coyoacán',9780261,'DE PASO'),
 (59,'Viveros',7727513,'DE PASO'),
 (60,'Miguel A. de Q.',12101570,'DE PASO'),
 (61,'Copilco',14030121,'DE PASO'),
 (62,'Universidad',26555624,'DE PASO'),
 (63,'Santa Anita',3257580,'DE CORRESPONDENCIA'),
 (64,'Jamaica',7438647,'DE CORRESPONDENCIA'),
 (65,'Fray Servando',3239953,'DE PASO'),
 (66,'Morelos',4993874,'DE CORRESPONDENCIA'),
 (67,'Canal del Norte',3303152,'DE PASO'),
 (68,'Consulado',3408279,'DE CORRESPONDENCIA'),
 (69,'Bondojito',2371742,'DE PASO'),
 (70,'Talismán',1965881,'DE PASO'),
 (71,'Martin Carrera',17856903,'DE CORRESPONDENCIA'),
 (72,'Politécnico',12624212,'DE PASO'),
 (73,'Inst. del Petróleo',3398142,'DE CORRESPONDENCIA'),
 (74,'Autobuses del Norte',8280147,'DE PASO'),
 (75,'Misterios',2953802,'DE PASO'),
 (76,'Valle Gómez',1611907,'DE PASO'),
 (77,'Eduardo Molina',2486165,'DE PASO'),
 (78,'Aragón',2754754,'DE PASO'),
 (79,'Oceania',6918126,'DE CORRESPONDENCIA'),
 (80,'Terminal Aérea',6712062,'DE PASO'),
 (81,'Hangares',1772609,'DE PASO'),
 (82,'El Rosario',18657408,'DE CORRESPONDENCIA'),
 (83,'Tezozomoc',2101647,'DE PASO'),
 (84,'Azcapotzalco',2947847,'DE PASO'),
 (85,'Ferrería',8679563,'DE PASO'),
 (86,'Norte 45',2597226,'DE PASO'),
 (87,'Vallejo',2922747,'DE PASO'),
 (88,'Lindavista',6525784,'DE PASO'),
 (89,'La Villa-Basilica',5440130,'DE PASO'),
 (90,'Aquiles Serdán',5785502,'DE PASO'),
 (91,'Camarones',5697048,'DE PASO'),
 (92,'Refinería',3980593,'DE PASO'),
 (93,'San Joaquín',10755360,'DE PASO'),
 (94,'Polanco',13028555,'DE PASO'),
 (95,'Auditorio',12503639,'DE PASO'),
 (96,'Constituyentes',3042974,'DE PASO'),
 (97,'San Pedro los Pinos',4993274,'DE PASO'),
 (98,'San Antonio',5293530,'DE PASO'),
 (99,'Mixcoac',14030107,'DE CORRESPONDENCIA'),
 (100,'Barranca del Muerto',16681529,'DE PASO'),
 (101,'Garibaldi',9014401,'DE CORRESPONDENCIA'),
 (102,'San Juan Letrán',9962243,'DE PASO'),
 (103,'Doctores',4502133,'DE PASO'),
 (104,'Obrera',4452999,'DE PASO'),
 (105,'La Viga',2805291,'DE PASO'),
 (106,'Coyuya',8501595,'DE PASO'),
 (107,'Iztacalco',8002058,'DE PASO'),
 (108,'Apatlaco',5100848,'DE PASO'),
 (109,'Aculco',3524731,'DE PASO'),
 (110,'Escuadrón 201',8047639,'DE PASO'),
 (111,'Atlalilco',10724216,'DE CORRESPONDENCIA'),
 (112,'Iztapalapa',4140807,'DE PASO'),
 (113,'Cerro de la Estrella',4074999,'DE PASO'),
 (114,'UAM I',9203724,'DE PASO'),
 (115,'Constitución de 1917',32255313,'DE PASO'),
 (116,'Puebla',12185200,'DE PASO'),
 (117,'Ciudad Deportiva',2598847,'DE PASO'),
 (118,'Velódromo',3288845,'DE PASO'),
 (119,'Mixiuhca',6694736,'DE PASO'),
 (120,'Lázaro Cárdenas',4363376,'DE PASO'),
 (121,'Chilpancingo',15212533,'DE PASO'),
 (122,'Patriotismo',6628532,'DE PASO'),
 (123,'Agrícola Oriental',4130829,'DE PASO'),
 (124,'Canal de San Juan',4813813,'DE PASO'),
 (125,'Tepalcates',7054067,'DE PASO'),
 (126,'Guelatao',7898506,'DE PASO'),
 (127,'Peñón Viejo',5025958,'DE PASO'),
 (128,'Acatitla',5846455,'DE PASO'),
 (129,'Santa Marta',10088191,'DE PASO'),
 (130,'Los Reyes',6242517,'DE PASO'),
 (131,'La Paz',15636790,'DE PASO'),
 (132,'Buenavista',21907761,'DE PASO'),
 (133,'Lagunilla',8394391,'DE PASO'),
 (134,'Tepito',8233487,'DE PASO'),
 (135,'Ricardo Flores Magón',2142619,'DE PASO'),
 (136,'Romero Rubio',2925132,'DE PASO'),
 (137,'Deportivo Oceanía',5731450,'DE PASO'),
 (138,'Bosque de Aragón',2193804,'DE PASO'),
 (139,'Villa de Aragón',5398782,'DE PASO'),
 (140,'Nezahualcóyotl',8378849,'DE PASO'),
 (141,'Impulsora',9105811,'DE PASO'),
 (142,'Río de los Remedios',7330993,'DE PASO'),
 (143,'Múzquiz',11246650,'DE PASO'),
 (144,'Tecnológico',9740169,'DE PASO'),
 (145,'Olimpica',6112152,'DE PASO'),
 (146,'Plaza Aragón',7198356,'DE PASO'),
 (147,'Ciudad Azteca',21410326,'DE PASO'),
 (148,'Tláhuac',20743670,'DE PASO'),
 (149,'Tlaltenco',1274784,'DE PASO'),
 (150,'Zapotitlán',4994118,'DE PASO'),
 (151,'Nopalera',8209571,'DE PASO'),
 (152,'Olivos',6513892,'DE PASO'),
 (153,'Tezonco',8443023,'DE PASO'),
 (154,'Periférico Oriente',12095813,'DE PASO'),
 (155,'Calle 11',5309588,'DE PASO'),
 (156,'Lomas Estrella',4481178,'DE PASO'),
 (157,'San Andrés Tomatlán',4514716,'DE PASO'),
 (158,'Culhuacán',5583585,'DE PASO'),
 (159,'Mexicaltzingo',6981386,'DE PASO'),
 (160,'Eje Central',4077416,'DE PASO'),
 (161,'Parque de los Venados',4249439,'DE PASO'),
 (162,'20 de Noviembre',4290490,'DE PASO'),
 (163,'Insurgentes Sur',12976044,'DE PASO');
INSERT INTO "STATION_LINE" ("ID","STATION_ID","LINE_ID") VALUES (1,1,1),
 (2,2,1),
 (3,3,1),
 (4,4,1),
 (5,5,1),
 (6,6,1),
 (7,7,1),
 (8,8,1),
 (9,9,1),
 (10,10,1),
 (11,11,1),
 (12,12,1),
 (13,13,1),
 (14,14,1),
 (15,15,1),
 (16,16,1),
 (17,17,1),
 (18,18,1),
 (19,19,1),
 (20,20,1),
 (21,21,2),
 (22,22,2),
 (23,23,2),
 (24,24,2),
 (25,25,2),
 (26,26,2),
 (27,27,2),
 (28,28,2),
 (29,29,2),
 (30,30,2),
 (31,31,2),
 (32,32,2),
 (33,33,2),
 (34,10,2),
 (35,34,2),
 (36,35,2),
 (37,36,2),
 (38,37,2),
 (39,38,2),
 (40,39,2),
 (41,40,2),
 (42,41,2),
 (43,42,2),
 (44,43,2),
 (45,44,3),
 (46,45,3),
 (47,46,3),
 (48,47,3),
 (49,48,3),
 (50,49,3),
 (51,30,3),
 (52,50,3),
 (53,13,3),
 (54,51,3),
 (55,52,3),
 (56,53,3),
 (57,54,3),
 (58,55,3),
 (59,56,3),
 (60,57,3),
 (61,58,3),
 (62,59,3),
 (63,60,3),
 (64,61,3),
 (65,62,3),
 (66,63,4),
 (67,64,4),
 (68,65,4),
 (69,8,4),
 (70,66,4),
 (71,67,4),
 (72,68,4),
 (73,69,4),
 (74,70,4),
 (75,71,4),
 (76,72,5),
 (77,73,5),
 (78,74,5),
 (79,47,5),
 (80,75,5),
 (81,76,5),
 (82,68,5),
 (83,77,5),
 (84,78,5),
 (85,79,5),
 (86,80,5),
 (87,81,5),
 (88,1,5),
 (89,82,6),
 (90,83,6),
 (91,84,6),
 (92,85,6),
 (93,86,6),
 (94,87,6),
 (95,73,6),
 (96,88,6),
 (97,45,6),
 (98,89,6),
 (99,52,6),
 (100,82,7),
 (101,90,7),
 (102,91,7),
 (103,92,7),
 (104,22,7),
 (105,93,7),
 (106,94,7),
 (107,95,7),
 (108,96,7),
 (109,19,7),
 (110,97,7),
 (111,98,7),
 (112,99,7),
 (113,100,7),
 (114,101,8),
 (115,31,8),
 (116,102,8),
 (117,12,8),
 (118,103,8),
 (119,104,8),
 (120,35,8),
 (121,105,8),
 (122,63,8),
 (123,106,8),
 (124,107,8),
 (125,108,8),
 (126,109,8),
 (127,110,8),
 (128,111,8),
 (129,112,8),
 (130,113,8),
 (131,114,8),
 (132,115,8),
 (133,1,9),
 (134,116,9),
 (135,117,9),
 (136,118,9),
 (137,119,9),
 (138,64,9),
 (139,35,9),
 (140,120,9),
 (141,53,9),
 (142,121,9),
 (143,122,9),
 (144,19,9),
 (145,1,10),
 (146,123,10),
 (147,124,10),
 (148,125,10),
 (149,126,10),
 (150,127,10),
 (151,128,10),
 (152,129,10),
 (153,130,10),
 (154,131,10),
 (155,132,11),
 (156,49,11),
 (157,101,11),
 (158,133,11),
 (159,134,11),
 (160,66,11),
 (161,7,11),
 (162,135,11),
 (163,136,11),
 (164,79,11),
 (165,137,11),
 (166,138,11),
 (167,139,11),
 (168,140,11),
 (169,141,11),
 (170,142,11),
 (171,143,11),
 (172,144,11),
 (173,145,11),
 (174,146,11),
 (175,147,11),
 (176,148,12),
 (177,149,12),
 (178,150,12),
 (179,151,12),
 (180,152,12),
 (181,153,12),
 (182,154,12),
 (183,155,12),
 (184,156,12),
 (185,157,12),
 (186,158,12),
 (187,111,12),
 (188,159,12),
 (189,41,12),
 (190,160,12),
 (191,161,12),
 (192,57,12),
 (193,162,12),
 (194,163,12),
 (195,99,12);
INSERT INTO "STATION_REGION" ("ID","STATION_ID","REGION_ID") VALUES (1,1,16),
 (2,2,16),
 (3,3,16),
 (4,4,16),
 (5,5,16),
 (6,6,16),
 (7,7,16),
 (8,8,16),
 (9,9,16),
 (10,10,14),
 (11,11,14),
 (12,12,14),
 (13,13,14),
 (14,14,14),
 (15,15,14),
 (16,16,14),
 (17,17,14),
 (18,18,15),
 (19,19,15),
 (20,20,9),
 (21,21,17),
 (22,22,15),
 (23,23,15),
 (24,24,15),
 (25,25,15),
 (26,26,15),
 (27,27,15),
 (28,28,14),
 (29,29,14),
 (30,30,14),
 (31,31,14),
 (32,32,14),
 (33,33,14),
 (35,34,14),
 (36,35,14),
 (37,36,13),
 (38,37,13),
 (39,38,13),
 (40,39,13),
 (41,40,13),
 (42,41,13),
 (43,42,2),
 (44,43,2),
 (45,44,4),
 (46,45,4),
 (47,46,4),
 (48,47,4),
 (49,48,14),
 (50,49,14),
 (52,50,14),
 (54,51,14),
 (55,52,14),
 (56,53,14),
 (57,54,13),
 (58,55,13),
 (59,56,13),
 (60,57,13),
 (61,58,13),
 (62,59,9),
 (63,60,2),
 (64,61,2),
 (65,62,2),
 (66,63,5),
 (67,64,16),
 (68,65,16),
 (70,66,16),
 (71,67,16),
 (72,68,4),
 (73,69,4),
 (74,70,4),
 (75,71,4),
 (76,72,4),
 (77,73,4),
 (78,74,4),
 (80,75,14),
 (81,76,4),
 (83,77,4),
 (84,78,4),
 (85,79,16),
 (86,80,16),
 (87,81,16),
 (89,82,4),
 (90,83,4),
 (91,84,4),
 (92,85,4),
 (93,86,4),
 (94,87,1),
 (95,73,1),
 (96,88,1),
 (97,45,1),
 (98,89,1),
 (99,71,1),
 (100,82,1),
 (101,90,1),
 (102,91,1),
 (103,92,1),
 (105,93,15),
 (106,94,15),
 (107,95,15),
 (108,96,15),
 (110,97,13),
 (111,98,13),
 (112,99,13),
 (113,100,9),
 (114,101,14),
 (116,102,14),
 (118,103,14),
 (119,104,14),
 (121,105,16),
 (123,106,5),
 (124,107,5),
 (125,108,6),
 (126,109,6),
 (127,110,6),
 (128,111,6),
 (129,112,6),
 (130,113,6),
 (131,114,6),
 (132,115,6),
 (134,116,16),
 (135,117,16),
 (136,118,16),
 (137,119,16),
 (140,120,14),
 (142,121,14),
 (143,122,14),
 (145,1,5),
 (146,123,5),
 (147,124,5),
 (148,125,6),
 (149,126,6),
 (150,127,6),
 (151,128,6),
 (152,129,6),
 (153,130,18),
 (154,131,18),
 (155,132,14),
 (158,133,14),
 (159,134,14),
 (162,135,16),
 (163,136,16),
 (164,79,4),
 (165,137,4),
 (166,138,4),
 (167,139,4),
 (168,140,19),
 (169,141,19),
 (170,142,19),
 (171,143,19),
 (172,144,19),
 (173,145,19),
 (174,146,19),
 (175,147,19),
 (176,148,7),
 (177,149,7),
 (178,150,7),
 (179,151,7),
 (180,152,7),
 (181,153,7),
 (182,154,7),
 (183,155,6),
 (184,156,6),
 (185,157,6),
 (186,158,6),
 (188,159,6),
 (190,160,13),
 (191,161,13),
 (193,162,13),
 (194,163,13),
 (196,59,2),
 (197,78,16),
 (198,77,16),
 (199,68,16),
 (200,76,16),
 (201,75,16),
 (202,100,13),
 (203,117,5),
 (204,116,5);
COMMIT;
